{"A": [[-0.19676083197190958, -0.06647663481128073, -0.12000034965934683, 0.16874442371238985, 0.18660191478592275, 0.010137407994149345, -0.16163829956837641, -0.006439837935268746, 0.004192336425364953, -0.038666251994104124, 0.0], [-0.06647663481128072, -0.40014891944696007, 0.17856990211988213, 0.017036821574072953, -0.07137114908796614, -0.06009154812217954, -0.0715597635126315, 0.12351700589934739, -0.059091164962508956, -0.12654646395247712, 0.0], [-0.12000034965934682, 0.17856990211988213, 0.07977917554508837, -0.021884827218578387, -0.25985250692078843, 0.15381644305018954, -0.3604990165709085, -0.03700666550311188, 0.04979671656665389, -0.032358426033245784, 0.0], [0.16874442371238982, 0.017036821574072842, -0.021884827218578373, -0.09048343162792567, 0.11376062160328407, 0.028396984309219855, 0.09244402502433571, -0.07958905146151667, 0.03934231774674407, 0.002611870015488831, 0.0], [0.1866019147859228, -0.07137114908796621, -0.2598525069207885, 0.11376062160328403, 0.09823012543487582, 0.14629458907274845, 0.16313496314662543, -0.37794585654008395, 0.08279328705563341, -0.008514814574082201, 0.0], [0.01013740799414941, -0.06009154812217966, 0.15381644305018952, 0.02839698430921992, 0.1462945890727485, -0.08223686344243061, 0.029180011872551183, -0.09834670446216363, -0.1223481103407423, 0.34124799547196943, 0.0], [-0.1616382995683763, -0.07155976351263162, -0.3604990165709084, 0.09244402502433559, 0.16313496314662523, 0.029180011872551016, -0.160869070029638, -0.09801165975904366, 0.011943634846573386, -0.08868215607204594, 0.0], [-0.0064398379352688054, 0.1235170058993475, -0.03700666550311192, -0.07958905146151667, -0.37794585654008384, -0.09834670446216351, -0.0980116597590438, -0.12533519946581972, -0.3433495699467156, -0.06989097187966427, 0.0], [0.004192336425364852, -0.05909116496250914, 0.04979671656665388, 0.0393423177467441, 0.08279328705563335, -0.12234811034074244, 0.011943634846573573, -0.3433495699467156, 0.43270585633960335, -0.02403154405436738, 0.0], [-0.038666251994104096, -0.12654646395247707, -0.03235842603324568, 0.00261187001548885, -0.008514814574082352, 0.3412479954719694, -0.08868215607204617, -0.06989097187966427, -0.024031544054367426, 0.009517102394541364, 0.0], [0.0, 0.0, 0.0, 0.0, 0.0, 0.0, 0.0, 0.0, 0.0, 0.0, 1.0]], "B": [[0.020136213333598656, -0.028356109945014977, 0.0634871896447014, -0.009162735719239387, 0.012051127624440761, 0.09992302318900297, -0.024974990794342632, -0.016423808756740824, -0.042283733860206736, -0.08091806113075091, -0.2547361481700088], [-0.02835610994501499, 0.11622318771166981, 0.05792722448247256, -0.036762515896250354, 0.04330286606219825, -0.02057573615195199, 0.03218362076407782, -0.0016184853932606788, -0.018484842076709737, -0.06420747466349758, -0.29129605636985667], [0.06348718964470146, 0.05792722448247257, -0.10469459328202405, 0.00012010350971023525, 0.0017606569559421412, -0.014065434527432849, -0.02041260690287232, 0.0821760660096217, 0.021243408060472643, -0.011695632763324438, 0.19120532390321907], [-0.009162735719239395, -0.03676251589625035, 0.00012010350971023424, 0.041857869543648375, 0.03658093373158638, -0.006679848815440361, 0.11458758049482425, -0.011926960462818189, 0.018387903950538693, 0.04853166965819935, 0.13421844008471906], [0.012051127624440734, 0.043302866062198256, 0.0017606569559421668, 0.03658093373158637, -0.0028889265094020527, -0.007130797991312498, 0.017132062255091913, 0.015161506611167738, -0.003622929387033894, 0.014279286915993164, -0.13913749400279313], [0.09992302318900298, -0.02057573615195199, -0.014065434527432849, -0.006679848815440361, -0.00713079799131251, 0.055889183815787204, -0.026512976507304144, -0.054499627083095796, 0.03731146247414098, 0.042823966810686315, -0.061399514369342295], [-0.024974990794342664, 0.032183620764077846, -0.020412606902872332, 0.11458758049482426, 0.017132062255091916, -0.026512976507304147, 0.037459778673978046, 0.011021415822606956, 0.05952356639566658, -0.0006739584172733368, -0.19260689373579182], [-0.016423808756740876, -0.0016184853932606825, 0.08217606600962171, -0.011926960462818203, 0.015161506611167701, -0.05449962708309579, 0.011021415822606925, 0.05306456144282138, -0.02105532513196531, -0.06114456444951473, -0.558550511287783], [-0.04228373386020674, -0.01848484207670971, 0.02124340806047264, 0.0183879039505387, -0.0036229293870338386, 0.037311462474140966, 0.05952356639566662, -0.02105532513196527, 0.04091254062400407, -0.013191808753348395, 0.25193692189643596], [-0.0809180611307509, -0.06420747466349758, -0.011695632763324467, 0.048531669658199356, 0.014279286915993184, 0.04282396681068631, -0.0006739584172733025, -0.061144564449514716, -0.013191808753348373, -0.005319026553421708, 0.2677385582404252], [-0.2547361481700087, -0.29129605636985667, 0.19120532390321907, 0.13421844008471906, -0.13913749400279313, -0.06139951436934228, -0.19260689373579185, -0.558550511287783, 0.25193692189643596, 0.2677385582404252, -0.31623662600836144]], "Q": [[-0.7822120553888303, -0.3018851762032252, -0.6496882567875935, -0.6326023840275656, -0.29290909928976633, -0.2864186446499964, 0.7858688046935044, -0.7052869745359379, 0.3390076331328243, -0.43252640676745463, 0.8031765645700168], [0.15880502946810307, 0.6692847492800414, 0.8115729450711407, 0.05512127566606821, -0.1621176167639417, -0.1710834342537784, 0.14850278070908457, 0.015340855947796375, -0.439556191431929, 0.08729527652158751, 0.055077149433705584], [0.6605089082135093, 0.7275066390384186, -0.2783230559903491, -0.46165140488338446, -1.0015001735671492, -0.10213505508549457, 1.285901571873722, -0.6427741290561207, -0.8073717370951224, 0.38398357475800177, 0.9373468410684234], [-0.22665346144967718, 1.2142954112830033, -0.9633253058164467, -0.9918725796598991, 0.8829172155266369, -0.8610541548243994, 0.005066314584453388, -0.9206032391604163, -0.4846129664705346, -0.1606487263980923, 0.6986008828574793], [0.49264137267505265, -0.2487404117042968, 0.7134228525178063, -0.19418119220557928, -0.3377700142660365, -0.948413115807198, 0.4438419792363006, -0.2539944112802885, 0.44766341173126656, 0.8918002560522568, 0.3438795483671738], [0.20598944540806402, 0.31652485920567336, -0.020729585714202733, 0.7713035206601606, 0.023796760543733607, -0.6600713210775496, -0.5522289726811743, 0.7683900341963124, -0.702252247578115, 0.5686155159356593, -0.7354033875205], [0.5385549869748837, 0.4960726770068269, -0.08205644765931129, 0.3705532412245092, -0.042935506159321006, 0.6192878977612002, -0.24672770632917806, 0.390355964435039, -0.040352538009456415, -0.5337995915032484, -0.3821787067142373], [-0.5490349295983743, 0.2945887826538298, -0.6384575078806857, 0.2456201116355921, -0.10266393514340934, 0.01619064231131207, -0.06919087492526707, 0.22980610090277218, -0.7545599759029012, 0.7189044936662095, -0.18598100545554977], [-0.469628535292302, -0.040342183655598156, -0.26551348322081625, 0.6140439518281527, -0.9464368898861729, 0.46587718754973334, 0.3894392461142068, 0.47361340527071677, -0.0681407551408501, 0.4223538022581517, -0.19927651281594802], [-0.9423192031577255, 0.2653847705390898, 0.17139895956171686, 0.49250614131808, -0.32321164130987534, -0.557395015290007, -0.1509023678578476, 0.47390901677515007, -0.8036263580928784, 0.8019428421832342, -0.41513647960359173], [7.00029082764533e-19, 2.254685171512149e-15, -2.4621283439936736e-14, -0.24457912903237142, -0.2966023589395776, 6.469460176517434e-14, 0.2730983075002582, -0.20611788890278285, 4.827177364031375e-13, 8.156026329621473e-13, 0.20804903237542752]]}