{"A": [[0.46380556382568827, -0.32447234709614764, -0.15916464739965475, 0.0], [-0.3244723470961477, -0.41056027272609236, -0.15086302031606605, 0.0], [-0.1591646473996548, -0.150863020316066, 0.8966340473559931, 0.0], [0.0, 0.0, 0.0, 1.0]], "B": [[-0.42777151038811767, -0.21803071709695884, -0.09580084192597393, -0.6468240907010027], [-0.21803071709695884, -0.020199207570658774, -0.10540734644325651, -0.043905761064949055], [-0.09580084192597396, -0.10540734644325654, 0.10422620164912366, -0.24998895324666218], [-0.6468240907010027, -0.043905761064949055, -0.24998895324666218, -0.021515445805328534]], "Q": [[0.5292052935782207, -0.7046592823552463, 0.15494229179079966, -0.39230320440233835], [-0.8955224026169465, 0.1311316371967522, -1.0761022827700364, 0.5816525151771742], [0.06286574140653878, -0.4171715135229991, -0.23732744274810236, 0.912893406482886], [0.4895151748552549, 0.7986385553038512, 0.2954120382560281, -5.062463846448086e-16]]}